idname;species
id1;humain
id2;humain
id3;velo
id4;humain
id5;humain
id6;humain
id7;humain
id8;humain
id9;humain
id10;humain
id11;cerf
id12;biche
id13;biche
id14;biche
id15;biche
id16;biche
id17;biche
id18;biche
id19;humain
id20;humain
id21;chien
id22;humain
id23;humain
id24;humain
id25;humain
id26;chien
id27;humain
id28;humain
id29;velo
id30;biche
id31;biche
id32;biche
id33;vide
id34;humain
id35;biche
id36;biche
id37;humain
id38;chien
id39;voiture
id40;humain
id41;velo
id42;velo
id43;humain
id44;biche
id45;humain
id46;humain
id47;humain
id48;chien
id49;humain
id50;humain
id51;humain
id52;humain
id53;velo
id54;humain
id55;humain
id56;humain
id57;humain
id58;humain
id59;velo
id60;velo
id61;humain
id62;chien
id63;humain
id64;velo
id65;humain
id66;velo
id67;humain
id68;humain
id69;chien
id70;humain
id71;chien
id72;humain
id73;velo
id74;humain
id75;humain
id76;humain
id77;humain
id78;humain
id79;velo
id80;velo
id81;humain
id82;humain
id83;velo
id84;humain
id85;humain
id86;velo
id87;humain
id88;chien
id89;humain
id90;humain
id91;humain
id92;vide
id93;velo
id94;humain
id95;chien
id96;humain
id97;humain
id98;voiture
id99;humain
id100;humain
id101;velo
id102;humain
id103;humain
id104;humain
id105;humain
id106;humain
id107;humain
id108;chien
id109;chamois
id110;chamois
id111;cerf
id112;velo
id113;humain
id114;chien
id115;humain
id116;chien
id117;humain
id118;humain
id119;humain
id120;chien
id121;velo
id122;humain
id123;velo
id124;humain
id125;humain
id126;velo
id127;humain
id128;humain
id129;chien
id130;biche
id131;biche
id132;humain
id133;humain
id134;humain
id135;chien
id136;humain
id137;humain
id138;humain
id139;velo
id140;cerf
id141;humain
id142;humain
id143;humain
id144;humain
id145;chien
id146;humain
id147;velo
id148;humain
id149;humain
id150;humain
id151;velo
id152;humain
id153;velo
id154;vide
id155;cerf
id156;cerf
id157;chien
id158;humain
id159;humain
id160;chien
id161;velo
id162;humain
id163;humain
id164;chien
id165;humain
id166;velo
id167;humain
id168;humain
id169;velo
id170;humain
id171;humain
id172;humain
id173;humain
id174;chien
id175;humain
id176;humain
id177;chien
id178;vide
id179;chien
id180;humain
id181;humain
id182;humain
id183;humain
id184;velo
id185;humain
id186;humain
id187;humain
id188;humain
id189;chien
id190;humain
id191;velo
id192;humain
id193;chien
id194;humain
id195;humain
id196;velo
id197;voiture
id198;humain
id199;humain
id200;velo
id201;velo
id202;chien
id203;humain
id204;chien
id205;humain
id206;humain
id207;humain
id208;chien
id209;humain
id210;humain
id211;velo
id212;humain
id213;humain
id214;humain
id215;humain
id216;humain
id217;velo
id218;humain
id219;humain
id220;humain
id221;chien
id222;humain
id223;humain
id224;humain
id225;humain
id226;humain
id227;humain
id228;chien
id229;humain
id230;velo
id231;humain
id232;chien
id233;humain
id234;chien
id235;chien
id236;humain
id237;biche
id238;chien
id239;cerf
id240;biche
id241;humain
id242;humain
id243;velo
id244;humain
id245;humain
id246;chien
id247;vide
id248;humain
id249;humain
id250;humain
id251;humain
id252;velo
id253;humain
id254;chien
id255;chien
id256;chamois
id257;cerf
id258;biche
id259;biche
id260;biche
id261;biche
id262;velo
id263;humain
id264;humain
id265;humain
id266;chien
id267;velo
id268;humain
id269;humain
id270;velo
id271;humain
id272;humain
id273;chien
id274;cerf
id275;humain
id276;velo
id277;chamois
id278;chamois
id279;biche
id280;humain
id281;humain
id282;velo
id283;velo
id284;humain
id285;velo
id286;humain
id287;chien
id288;humain
id289;chien
id290;humain
id291;humain
id292;velo
id293;vide
id294;cerf
id295;biche
id296;biche
id297;biche
id298;biche
id299;biche
id300;biche
id301;biche
id302;biche
id303;biche
id304;humain
id305;cerf
id306;cerf
id307;biche
id308;humain
id309;velo
id310;biche
id311;humain
id312;humain
id313;humain
id314;humain
id315;chien
id316;humain
id317;chien
id318;humain
id319;humain
id320;velo
id321;humain
id322;humain
id323;chien
id324;humain
id325;humain
id326;velo
id327;humain
id328;chien
id329;humain
id330;velo
id331;humain
id332;biche
id333;humain
id334;humain
id335;humain
id336;humain
id337;humain
id338;humain
id339;chien
id340;velo
id341;humain
id342;humain
id343;chien
id344;humain
id345;humain
id346;velo
id347;humain
id348;humain
id349;humain
id350;cerf
id351;biche
id352;humain
id353;chien
id354;humain
id355;humain
id356;humain
id357;humain
id358;humain
id359;chien
id360;chien
id361;humain
id362;humain
id363;humain
id364;humain
id365;humain
id366;velo
id367;humain
id368;velo
id369;humain
id370;chien
id371;chien
id372;humain
id373;humain
id374;humain
id375;humain
id376;humain
id377;humain
id378;humain
id379;humain
id380;humain
id381;chien
id382;humain
id383;humain
id384;humain
id385;velo
id386;humain
id387;chien
id388;humain
id389;humain
id390;humain
id391;humain
id392;velo
id393;humain
id394;velo
id395;humain
id396;humain
id397;humain
id398;humain
id399;chien
id400;biche
id401;biche
id402;humain
id403;velo
id404;humain
id405;humain
id406;humain
id407;humain
id408;humain
id409;velo
id410;humain
id411;velo
id412;humain
id413;humain
id414;velo
id415;chien
id416;humain
id417;humain
id418;humain
id419;humain
id420;velo
id421;velo
id422;humain
id423;humain
id424;humain
id425;chien
id426;chien
id427;humain
id428;humain
id429;humain
id430;chamois
id431;chamois
id432;humain
id433;velo
id434;velo
id435;humain
id436;humain
id437;chien
id438;humain
id439;chien
id440;humain
id441;humain
id442;velo
id443;humain
id444;humain
id445;humain
id446;humain
id447;chien
id448;humain
id449;humain
id450;humain
id451;velo
id452;humain
id453;chien
id454;humain
id455;velo
id456;humain
id457;chien
id458;humain
id459;humain
id460;velo
id461;velo
id462;humain
id463;humain
id464;humain
id465;humain
id466;chien
id467;velo
id468;humain
id469;humain
id470;humain
id471;humain
id472;humain
id473;chien
id474;velo
id475;humain
id476;chien
id477;humain
id478;velo
id479;humain
id480;chien
id481;humain
id482;biche
id483;cerf
id484;humain
id485;chien
id486;humain
id487;humain
id488;humain
id489;humain
id490;velo
id491;humain
id492;humain
id493;biche
id494;velo
id495;humain
id496;humain
id497;velo
id498;chien
id499;humain
id500;velo
id501;humain
id502;humain
id503;humain
id504;velo
id505;humain
id506;humain
id507;humain
id508;velo
id509;humain
id510;humain
id511;humain
id512;chien
id513;humain
id514;humain
id515;humain
id516;humain
id517;humain
id518;chien
id519;humain
id520;humain
id521;chien
id522;humain
id523;velo
id524;vide
id525;humain
id526;humain
id527;humain
id528;humain
id529;humain
id530;humain
id531;chien
id532;humain
id533;humain
id534;velo
id535;humain
id536;humain
id537;velo
id538;humain
id539;humain
id540;humain
id541;vide
id542;humain
id543;chien
id544;humain
id545;velo
id546;humain
id547;humain
id548;humain
id549;chien
id550;humain
id551;humain
id552;vide
id553;humain
id554;humain
id555;humain
id556;humain
id557;humain
id558;humain
id559;humain
id560;chien
id561;cerf
id562;cerf
id563;humain
id564;chien
id565;humain
id566;humain
id567;humain
id568;chien
id569;velo
id570;humain
id571;humain
id572;humain
id573;humain
id574;velo
id575;humain
id576;chien
id577;chamois
id578;chamois
id579;humain
id580;chien
id581;humain
id582;humain
id583;humain
id584;humain
id585;velo
id586;velo
id587;humain
id588;humain
id589;velo
id590;humain
id591;cerf
id592;chien
id593;humain
id594;humain
id595;humain
id596;velo
id597;humain
id598;humain
id599;humain
id600;humain
id601;velo
id602;humain
id603;chien
id604;velo
id605;humain
id606;humain
id607;velo
id608;velo
id609;cerf
id610;cerf
id611;humain
id612;chien
id613;humain
id614;chien
id615;humain
id616;cerf
id617;humain
id618;humain
id619;chien
id620;humain
id621;velo
id622;humain
id623;velo
id624;velo
id625;humain
id626;humain
id627;vide
id628;humain
id629;humain
id630;velo
id631;cerf
id632;humain
id633;humain
id634;humain
id635;chien
id636;humain
id637;humain
id638;chien
id639;humain
id640;humain
id641;humain
id642;chien
id643;humain
id644;humain
id645;humain
id646;humain
id647;velo
id648;chien
id649;humain
id650;vide
id651;humain
id652;humain
id653;velo
id654;chien
id655;humain
id656;chien
id657;humain
id658;chien
id659;humain
id660;biche
id661;biche
id662;biche
id663;cerf
id664;biche
id665;biche
id666;humain
id667;velo
id668;biche
id669;velo
id670;humain
id671;chien
id672;humain
id673;humain
id674;humain
id675;humain
id676;chien
id677;humain
id678;velo
id679;humain
id680;humain
id681;velo
id682;humain
id683;humain
id684;velo
id685;humain
id686;chien
id687;humain
id688;humain
id689;chien
id690;humain
id691;humain
id692;humain
id693;chien
id694;humain
id695;humain
id696;humain
id697;humain
id698;velo
id699;humain
id700;humain
id701;humain
id702;chien
id703;cerf
id704;velo
id705;humain
id706;humain
id707;humain
id708;humain
id709;chien
id710;humain
id711;humain
id712;velo
id713;humain
id714;humain
id715;chien
id716;velo
id717;humain
id718;humain
id719;humain
id720;chien
id721;cerf
id722;cerf
id723;humain
id724;velo
id725;humain
id726;humain
id727;humain
id728;velo
id729;humain
id730;vide
id731;vide
id732;humain
id733;humain
id734;humain
id735;humain
id736;humain
id737;humain
id738;humain
id739;velo
id740;humain
id741;chien
id742;humain
id743;humain
id744;humain
id745;velo
id746;velo
id747;humain
id748;chien
id749;biche
id750;cerf
id751;biche
id752;biche
id753;biche
id754;biche
id755;biche
id756;biche
id757;cerf
id758;cerf
id759;velo
id760;humain
id761;velo
id762;chien
id763;humain
id764;humain
id765;humain
id766;chien
id767;humain
id768;humain
id769;velo
id770;humain
id771;velo
id772;humain
id773;vide
id774;humain
id775;humain
id776;humain
id777;chien
id778;chien
id779;humain
id780;velo
id781;humain
id782;velo
id783;humain
id784;humain
id785;humain
id786;biche
id787;cerf
id788;biche
id789;biche
id790;biche
id791;biche
id792;biche
id793;biche
id794;humain
id795;chien
id796;velo
id797;humain
id798;velo
id799;humain
id800;humain
id801;cerf
id802;cerf
id803;humain
id804;velo
id805;chien
id806;humain
id807;cerf
id808;biche
id809;biche
id810;biche
id811;biche
id812;biche
id813;biche
id814;humain
id815;humain
id816;velo
id817;biche
id818;humain
id819;humain
id820;humain
id821;velo
id822;humain
id823;humain
id824;humain
id825;humain
id826;humain
id827;velo
id828;humain
id829;humain
id830;chien
id831;humain
id832;velo
id833;velo
id834;humain
id835;humain
id836;humain
id837;humain
id838;humain
id839;chien
id840;humain
id841;humain
id842;chien
id843;humain
id844;chien
id845;humain
id846;chien
id847;chien
id848;humain
id849;velo
id850;humain
id851;humain
id852;humain
id853;humain
id854;humain
id855;chien
id856;velo
id857;humain
id858;humain
id859;chien
id860;humain
id861;chien
id862;humain
id863;humain
id864;humain
id865;chien
id866;humain
id867;humain
id868;humain
id869;humain
id870;humain
id871;chien
id872;humain
id873;humain
id874;humain
id875;humain
id876;humain
id877;humain
id878;humain
id879;biche
id880;cerf
id881;biche
id882;biche
id883;biche
id884;biche
id885;biche
id886;biche
id887;humain
id888;humain
id889;chien
id890;humain
id891;humain
id892;velo
id893;humain
id894;humain
id895;chien
id896;humain
id897;humain
id898;humain
id899;velo
id900;velo
id901;humain
id902;velo
id903;velo
id904;humain
id905;biche
id906;humain
id907;humain
id908;humain
id909;humain
id910;chien
id911;humain
id912;humain
id913;humain
id914;chien
id915;humain
id916;humain
id917;humain
id918;chien
id919;humain
id920;velo
id921;humain
id922;velo
id923;chien
id924;humain
id925;humain
id926;humain
id927;chien
id928;humain
id929;velo
id930;velo
id931;humain
id932;humain
id933;velo
id934;humain
id935;chien
id936;humain
id937;velo
id938;humain
id939;cerf
id940;biche
id941;velo
id942;humain
id943;velo
id944;humain
id945;humain
id946;humain
id947;velo
id948;humain
id949;velo
id950;velo
id951;humain
id952;humain
id953;chien
id954;humain
id955;humain
id956;humain
id957;chien
id958;cerf
id959;cerf
id960;velo
id961;humain
id962;humain
id963;humain
id964;velo
id965;humain
id966;velo
id967;humain
id968;humain
id969;humain
id970;humain
id971;humain
id972;cerf
id973;cerf
id974;chamois
id975;chamois
id976;humain
id977;humain
id978;humain
id979;chien
id980;humain
id981;velo
id982;humain
id983;velo
id984;chien
id985;humain
id986;humain
id987;chien
id988;velo
id989;humain
id990;chien
id991;humain
id992;humain
id993;chamois
id994;chamois
id995;chamois
id996;chamois
id997;humain
id998;humain
id999;humain
id1000;humain
id1001;velo
id1002;humain
id1003;humain
id1004;chien
id1005;velo
id1006;humain
id1007;humain
id1008;humain
id1009;chien
id1010;humain
id1011;velo
id1012;humain
id1013;humain
id1014;velo
id1015;humain
id1016;biche
id1017;humain
id1018;chien
id1019;humain
id1020;humain
id1021;humain
id1022;humain
id1023;biche
id1024;humain
id1025;humain
id1026;humain
id1027;chien
id1028;vide
id1029;humain
id1030;velo
id1031;humain
id1032;velo
id1033;humain
id1034;chien
id1035;humain
id1036;velo
id1037;vide
id1038;velo
id1039;humain
id1040;humain
id1041;humain
id1042;chien
id1043;humain
id1044;chien
id1045;voiture
id1046;humain
id1047;humain
id1048;humain
id1049;velo
id1050;humain
id1051;velo
id1052;humain
id1053;velo
id1054;humain
id1055;velo
id1056;humain
id1057;velo
id1058;humain
id1059;chien
id1060;humain
id1061;humain
id1062;velo
id1063;humain
id1064;humain
id1065;humain
id1066;chien
id1067;humain
id1068;velo
id1069;biche
id1070;biche
id1071;humain
id1072;velo
id1073;humain
id1074;velo
id1075;humain
id1076;humain
id1077;humain
id1078;humain
id1079;chien
id1080;humain
id1081;humain
id1082;humain
id1083;velo
id1084;humain
id1085;humain
id1086;humain
id1087;biche
id1088;cerf
id1089;humain
id1090;humain
id1091;humain
id1092;chien
id1093;cerf
id1094;humain
id1095;humain
id1096;humain
id1097;humain
id1098;chien
id1099;humain
id1100;biche
id1101;biche
id1102;velo
id1103;humain
id1104;humain
id1105;humain
id1106;vide
id1107;biche
id1108;biche
id1109;velo
id1110;humain
id1111;humain
id1112;velo
id1113;humain
id1114;chien
id1115;chien
id1116;humain
id1117;humain
id1118;humain
id1119;humain
id1120;humain
id1121;velo
id1122;humain
id1123;humain
id1124;chien
id1125;humain
id1126;humain
id1127;humain
id1128;vide
id1129;humain
id1130;humain
id1131;humain
id1132;velo
id1133;humain
id1134;velo
id1135;humain
id1136;humain
id1137;velo
id1138;humain
id1139;velo
id1140;humain
id1141;velo
id1142;cerf
id1143;biche
id1144;humain
id1145;humain
id1146;humain
id1147;biche
id1148;biche
id1149;humain
id1150;humain
id1151;cerf
id1152;velo
id1153;biche
id1154;biche
id1155;cerf
id1156;biche
id1157;humain
id1158;chien
id1159;chamois
id1160;chamois
id1161;humain
id1162;velo
id1163;chien
id1164;humain
id1165;humain
id1166;velo
id1167;humain
id1168;humain
id1169;humain
id1170;cerf
id1171;cerf
id1172;chien
id1173;humain
id1174;humain
id1175;humain
id1176;chien
id1177;chamois
id1178;chamois
id1179;humain
id1180;chien
id1181;humain
id1182;velo
id1183;humain
id1184;humain
id1185;velo
id1186;humain
id1187;velo
id1188;humain
id1189;chien
id1190;humain
id1191;humain
id1192;humain
id1193;humain
id1194;humain
id1195;humain
id1196;humain
id1197;chien
id1198;humain
id1199;humain
id1200;humain
id1201;humain
id1202;biche
id1203;biche
id1204;humain
id1205;humain
id1206;humain
id1207;humain
id1208;humain
id1209;humain
id1210;chien
id1211;humain
id1212;humain
id1213;humain
id1214;humain
id1215;chien
id1216;chien
id1217;humain
id1218;humain
id1219;velo
id1220;humain
id1221;velo
id1222;humain
id1223;humain
id1224;humain
id1225;humain
id1226;humain
id1227;chien
id1228;velo
id1229;humain
id1230;biche
id1231;humain
id1232;chien
id1233;humain
id1234;chien
id1235;humain
id1236;humain
id1237;velo
id1238;humain
id1239;humain
id1240;humain
id1241;humain
id1242;chien
id1243;humain
id1244;chien
id1245;biche
id1246;cerf
id1247;cerf
id1248;vide
id1249;humain
id1250;velo
id1251;humain
id1252;humain
id1253;chien
id1254;humain
id1255;humain
id1256;biche
id1257;velo
id1258;humain
id1259;humain
id1260;humain
id1261;humain
id1262;humain
id1263;voiture
id1264;humain
id1265;humain
id1266;humain
id1267;humain
id1268;humain
id1269;velo
id1270;humain
id1271;humain
id1272;chien
id1273;humain
id1274;humain
id1275;humain
id1276;humain
id1277;humain
id1278;velo
id1279;chamois
id1280;chamois
id1281;humain
id1282;humain
id1283;chien
id1284;humain
id1285;chamois
id1286;chamois
id1287;velo
id1288;humain
id1289;chien
id1290;humain
id1291;humain
id1292;velo
id1293;humain
id1294;chien
id1295;humain
id1296;humain
id1297;humain
id1298;chien
id1299;cerf
id1300;vide
id1301;cerf
id1302;humain
id1303;chien
id1304;chien
id1305;biche
id1306;biche
id1307;biche
id1308;biche
id1309;biche
id1310;biche
id1311;biche
id1312;biche
id1313;biche
id1314;biche
id1315;humain
id1316;humain
id1317;humain
id1318;velo
id1319;humain
id1320;humain
id1321;humain
id1322;velo
id1323;cerf
id1324;biche
id1325;biche
id1326;humain
id1327;humain
id1328;velo
id1329;chamois
id1330;humain
id1331;velo
id1332;humain
id1333;chien
id1334;humain
id1335;humain
id1336;velo
id1337;vide
id1338;humain
id1339;chamois
id1340;chamois
id1341;humain
id1342;chien
id1343;humain
id1344;chien
id1345;chien
id1346;velo
id1347;humain
id1348;humain
id1349;humain
id1350;chien
id1351;humain
id1352;vide
id1353;humain
id1354;velo
id1355;humain
id1356;humain
id1357;humain
id1358;humain
id1359;humain
id1360;humain
id1361;humain
id1362;humain
id1363;velo
id1364;humain
id1365;velo
id1366;humain
id1367;humain
id1368;humain
id1369;humain
id1370;humain
id1371;humain
id1372;velo
id1373;humain
id1374;humain
id1375;humain
id1376;humain
id1377;humain
id1378;chamois
id1379;chamois
id1380;humain
id1381;humain
id1382;velo
id1383;humain
id1384;chien
id1385;humain
id1386;velo
id1387;humain
id1388;chien
id1389;humain
id1390;humain
id1391;humain
id1392;humain
id1393;chien
id1394;humain
id1395;humain
id1396;humain
id1397;humain
id1398;humain
id1399;chien
id1400;humain
id1401;humain
id1402;humain
id1403;velo
id1404;velo
id1405;humain
id1406;humain
id1407;chien
id1408;humain
id1409;velo
id1410;humain
id1411;humain
id1412;humain
id1413;humain
id1414;vide
id1415;chien
id1416;cerf
id1417;humain
id1418;chien
id1419;humain
id1420;humain
id1421;humain
id1422;humain
id1423;velo
id1424;cerf
id1425;cerf
id1426;humain
id1427;humain
id1428;chien
id1429;chien
id1430;humain
id1431;velo
id1432;humain
id1433;humain
id1434;humain
id1435;humain
id1436;velo
id1437;humain
id1438;chien
id1439;humain
id1440;chien
id1441;humain
id1442;velo
id1443;humain
id1444;cerf
id1445;humain
id1446;velo
id1447;cerf
id1448;cerf
id1449;biche
id1450;cerf
id1451;vide
id1452;cerf
id1453;velo
id1454;humain
id1455;biche
id1456;humain
id1457;velo
id1458;humain
id1459;chien
id1460;humain
id1461;humain
id1462;chien
id1463;chien
id1464;humain
id1465;chien
id1466;cerf
id1467;biche
id1468;cerf
id1469;chien
id1470;humain
id1471;humain
id1472;humain
id1473;humain
id1474;humain
id1475;humain
id1476;velo
id1477;humain
id1478;humain
id1479;humain
id1480;chien
id1481;humain
id1482;biche
id1483;biche
id1484;humain
id1485;humain
id1486;humain
id1487;humain
id1488;humain
id1489;humain
id1490;velo
id1491;chien
id1492;humain
id1493;humain
id1494;humain
id1495;chien
id1496;biche
id1497;biche
id1498;biche
id1499;humain
id1500;biche
id1501;biche
id1502;biche
id1503;biche
id1504;biche
id1505;humain
id1506;chien
id1507;velo
id1508;humain
id1509;humain
id1510;humain
id1511;humain
id1512;humain
id1513;humain
id1514;humain
id1515;humain
id1516;humain
id1517;chien
id1518;biche
id1519;biche
id1520;chien
id1521;humain
id1522;velo
id1523;humain
id1524;humain
id1525;chien
id1526;humain
id1527;velo
id1528;chien
id1529;biche
id1530;cerf
id1531;biche
id1532;biche
id1533;biche
id1534;humain
id1535;humain
id1536;humain
id1537;humain
id1538;velo
id1539;humain
id1540;humain
id1541;humain
id1542;chien
id1543;vide
id1544;humain
id1545;chien
id1546;velo
id1547;humain
id1548;humain
id1549;velo
id1550;humain
id1551;chien
id1552;chien
id1553;humain
id1554;humain
id1555;humain
id1556;humain
id1557;humain
id1558;humain
id1559;humain
id1560;humain
id1561;velo
id1562;humain
id1563;chien
id1564;biche
id1565;biche
id1566;humain
id1567;velo
id1568;humain
id1569;humain
id1570;humain
id1571;chien
id1572;humain
id1573;velo
id1574;humain
id1575;humain
id1576;velo
id1577;humain
id1578;humain
id1579;humain
id1580;humain
id1581;humain
id1582;humain
id1583;humain
id1584;chien
id1585;humain
id1586;humain
id1587;chien
id1588;humain
id1589;humain
id1590;humain
id1591;chien
id1592;humain
id1593;humain
id1594;humain
id1595;chamois
id1596;humain
id1597;humain
id1598;humain
id1599;humain
id1600;velo
id1601;humain
id1602;humain
id1603;humain
id1604;humain
id1605;humain
id1606;velo
id1607;humain
id1608;velo
id1609;humain
id1610;humain
id1611;biche
id1612;humain
id1613;humain
id1614;humain
id1615;humain
id1616;chien
id1617;humain
id1618;biche
id1619;biche
id1620;biche
id1621;biche
id1622;biche
id1623;biche
id1624;biche
id1625;humain
id1626;humain
id1627;humain
id1628;humain
id1629;velo
id1630;humain
id1631;humain
id1632;humain
id1633;humain
id1634;velo
id1635;humain
id1636;chien
id1637;velo
id1638;humain
id1639;humain
id1640;velo
id1641;humain
id1642;chien
id1643;humain
id1644;chien
id1645;humain
id1646;humain
id1647;velo
id1648;humain
id1649;humain
id1650;humain
id1651;humain
id1652;humain
id1653;chien
id1654;humain
id1655;humain
id1656;humain
id1657;humain
id1658;humain
id1659;humain
id1660;humain
id1661;biche
id1662;humain
id1663;velo
id1664;humain
id1665;humain
id1666;velo
id1667;velo
id1668;humain
id1669;cerf
id1670;humain
id1671;velo
id1672;velo
id1673;velo
id1674;humain
id1675;humain
id1676;velo
id1677;chien
id1678;humain
id1679;velo
id1680;humain
id1681;biche
id1682;biche
id1683;humain
id1684;humain
id1685;humain
id1686;humain
id1687;cerf
id1688;cerf
id1689;vide
id1690;biche
id1691;humain
id1692;chien
id1693;humain
id1694;chien
id1695;velo
id1696;humain
id1697;velo
id1698;humain
id1699;humain
id1700;chien
id1701;humain
id1702;humain
id1703;humain
id1704;humain
id1705;humain
id1706;humain
id1707;chien
id1708;velo
id1709;humain
id1710;velo
id1711;humain
id1712;humain
id1713;chien
id1714;velo
id1715;humain
id1716;cerf
id1717;humain
id1718;velo
id1719;vide
id1720;humain
id1721;humain
id1722;vide
id1723;humain
id1724;humain
id1725;chien
id1726;humain
id1727;humain
id1728;humain
id1729;humain
id1730;velo
id1731;humain
id1732;humain
id1733;cerf
id1734;cerf
id1735;biche
id1736;biche
id1737;humain
id1738;velo
id1739;humain
id1740;humain
id1741;humain
id1742;humain
id1743;humain
id1744;humain
id1745;cerf
id1746;chamois
id1747;velo
id1748;humain
id1749;humain
id1750;humain
id1751;velo
id1752;vide
id1753;humain
id1754;humain
id1755;chien
id1756;humain
id1757;cerf
id1758;humain
id1759;chien
id1760;humain
id1761;velo
id1762;humain
id1763;velo
id1764;velo
id1765;humain
id1766;humain
id1767;biche
id1768;humain
id1769;humain
id1770;velo
id1771;biche
id1772;humain
id1773;chien
id1774;humain
id1775;humain
id1776;humain
id1777;humain
id1778;chien
id1779;humain
id1780;velo
id1781;humain
id1782;humain
id1783;humain
id1784;chien
id1785;humain
id1786;velo
id1787;velo
id1788;humain
id1789;humain
id1790;velo
id1791;humain
id1792;humain
id1793;humain
id1794;humain
id1795;humain
id1796;humain
id1797;humain
id1798;chien
id1799;velo
id1800;humain
id1801;humain
id1802;chamois
id1803;humain
id1804;velo
id1805;humain
id1806;velo
id1807;humain
id1808;humain
id1809;humain
id1810;humain
id1811;humain
id1812;chien
id1813;chien
id1814;humain
id1815;biche
id1816;velo
id1817;humain
id1818;humain
id1819;humain
id1820;velo
id1821;vide
id1822;humain
id1823;humain
id1824;velo
id1825;velo
id1826;humain
id1827;chien
id1828;humain
id1829;humain
id1830;chien
id1831;humain
id1832;humain
id1833;humain
id1834;velo
id1835;humain
id1836;humain
id1837;humain
id1838;velo
id1839;humain
id1840;humain
id1841;vide
id1842;humain
id1843;velo
id1844;humain
id1845;humain
id1846;humain
id1847;velo
id1848;humain
id1849;humain
id1850;humain
id1851;velo
id1852;humain
id1853;humain
id1854;humain
id1855;velo
id1856;chien
id1857;humain
id1858;chien
id1859;humain
id1860;biche
id1861;biche
id1862;biche
id1863;cerf
id1864;biche
id1865;biche
id1866;biche
id1867;humain
id1868;humain
id1869;velo
id1870;humain
id1871;chien
id1872;humain
id1873;humain
id1874;velo
id1875;biche
id1876;humain
id1877;velo
id1878;humain
id1879;humain
id1880;velo
id1881;humain
id1882;chien
id1883;velo
id1884;humain
id1885;velo
id1886;humain
id1887;humain
id1888;humain
id1889;humain
id1890;velo
id1891;humain
id1892;chien
id1893;humain
id1894;velo
id1895;humain
id1896;humain
id1897;chien
id1898;cerf
id1899;cerf
id1900;humain
id1901;velo
id1902;humain
id1903;humain
id1904;humain
id1905;chien
id1906;humain
id1907;humain
id1908;humain
id1909;humain
id1910;humain
id1911;humain
id1912;velo
id1913;humain
id1914;biche
id1915;biche
id1916;biche
id1917;cerf
id1918;biche
id1919;biche
id1920;biche
id1921;humain
id1922;chien
id1923;humain
id1924;humain
id1925;chamois
id1926;chamois
id1927;humain
id1928;chien
id1929;humain
id1930;chien
id1931;humain
id1932;velo
id1933;cerf
id1934;cerf
id1935;humain
id1936;humain
id1937;humain
id1938;humain
id1939;velo
id1940;humain
id1941;velo
id1942;humain
id1943;cerf
id1944;cerf
id1945;biche
id1946;cerf
id1947;humain
id1948;humain
id1949;humain
id1950;humain
id1951;humain
id1952;humain
id1953;humain
id1954;chamois
id1955;chamois
id1956;chien
id1957;humain
id1958;humain
id1959;humain
id1960;humain
id1961;humain
id1962;velo
id1963;humain
id1964;velo
id1965;humain
id1966;velo
id1967;humain
id1968;humain
id1969;humain
id1970;humain
id1971;humain
id1972;humain
id1973;humain
id1974;velo
id1975;humain
id1976;renard
id1977;chamois
id1978;humain
id1979;humain
id1980;chien
id1981;humain
id1982;humain
id1983;humain
id1984;chien
id1985;chien
id1986;velo
id1987;humain
id1988;humain
id1989;humain
id1990;humain
id1991;humain
id1992;humain
id1993;humain
id1994;humain
id1995;velo
id1996;humain
id1997;velo
id1998;humain
id1999;humain
id2000;humain
id2001;chien
id2002;velo
id2003;humain
id2004;humain
id2005;humain
id2006;humain
id2007;humain
id2008;humain
id2009;velo
id2010;humain
id2011;velo
id2012;humain
id2013;biche
id2014;humain
id2015;cerf
id2016;biche
id2017;biche
id2018;chien
id2019;humain
id2020;humain
id2021;humain
id2022;humain
id2023;humain
id2024;humain
id2025;humain
id2026;humain
id2027;vide
id2028;biche
id2029;chien
id2030;humain
id2031;humain
id2032;chien
id2033;humain
id2034;humain
id2035;velo
id2036;cerf
id2037;humain
id2038;humain
id2039;humain
id2040;velo
id2041;humain
id2042;humain
id2043;chien
id2044;biche
id2045;biche
id2046;biche
id2047;biche
id2048;biche
id2049;biche
id2050;biche
id2051;biche
id2052;humain
id2053;humain
id2054;chamois
id2055;chamois
id2056;humain
id2057;humain
id2058;chien
id2059;chien
id2060;velo
id2061;humain
id2062;chien
id2063;chamois
id2064;humain
id2065;velo
id2066;velo
id2067;humain
id2068;humain
id2069;humain
id2070;humain
id2071;humain
id2072;chien
id2073;humain
id2074;chien
id2075;velo
id2076;humain
id2077;velo
id2078;humain
id2079;chamois
id2080;chamois
id2081;humain
id2082;velo
id2083;humain
id2084;humain
id2085;humain
id2086;humain
id2087;humain
id2088;voiture
id2089;humain
id2090;voiture
id2091;chien
id2092;humain
id2093;humain
id2094;chien
id2095;humain
id2096;humain
id2097;humain
id2098;humain
id2099;chien
id2100;humain
id2101;humain
id2102;humain
id2103;humain
id2104;humain
id2105;humain
id2106;humain
id2107;humain
id2108;velo
id2109;humain
id2110;chien
id2111;velo
id2112;humain
id2113;chamois
id2114;humain
id2115;humain
id2116;chien
id2117;humain
id2118;humain
id2119;humain
id2120;velo
id2121;humain
id2122;velo
id2123;humain
id2124;humain
id2125;humain
id2126;humain
id2127;humain
id2128;humain
id2129;humain
id2130;humain
id2131;humain
id2132;humain
id2133;voiture
id2134;velo
id2135;humain
id2136;velo
id2137;humain
id2138;humain
id2139;humain
id2140;humain
id2141;velo
id2142;humain
id2143;vide
id2144;humain
id2145;humain
id2146;cerf
id2147;cerf
id2148;humain
id2149;velo
id2150;humain
id2151;velo
id2152;humain
id2153;chien
id2154;humain
id2155;velo
id2156;velo
id2157;humain
id2158;velo
id2159;humain
id2160;humain
id2161;humain
id2162;humain
id2163;humain
id2164;humain
id2165;humain
id2166;humain
id2167;biche
id2168;humain
id2169;velo
id2170;humain
id2171;velo
id2172;humain
id2173;biche
id2174;humain
id2175;humain
id2176;humain
id2177;humain
id2178;velo
id2179;humain
id2180;velo
id2181;cerf
id2182;biche
id2183;biche
id2184;humain
id2185;chien
id2186;velo
id2187;chamois
id2188;chamois
id2189;velo
id2190;humain
id2191;chien
id2192;humain
id2193;chien
id2194;humain
id2195;humain
id2196;chien
id2197;cerf
id2198;cerf
id2199;velo
id2200;humain
id2201;velo
id2202;humain
id2203;chien
id2204;humain
id2205;biche
id2206;humain
id2207;velo
id2208;cerf
id2209;humain
id2210;humain
id2211;chien
id2212;cerf
id2213;vide
id2214;cerf
id2215;humain
id2216;humain
id2217;humain
id2218;humain
id2219;velo
id2220;humain
id2221;humain
id2222;humain
id2223;velo
id2224;humain
id2225;chien
id2226;cerf
id2227;cerf
id2228;humain
id2229;velo
id2230;vide
id2231;humain
id2232;humain
id2233;velo
id2234;velo
id2235;humain
id2236;humain
id2237;chien
id2238;humain
id2239;chien
id2240;humain
id2241;humain
id2242;humain
id2243;humain
id2244;humain
id2245;humain
id2246;velo
id2247;humain
id2248;humain
id2249;chien
id2250;velo
id2251;humain
id2252;humain
id2253;humain
id2254;velo
id2255;humain
id2256;humain
id2257;cerf
id2258;biche
id2259;biche
id2260;biche
id2261;humain
id2262;velo
id2263;humain
id2264;humain
id2265;velo
id2266;humain
id2267;chien
id2268;humain
id2269;humain
id2270;velo
id2271;humain
id2272;chien
id2273;humain
id2274;chien
id2275;humain
id2276;velo
id2277;vide
id2278;humain
id2279;humain
id2280;chien
id2281;chamois
id2282;chamois
id2283;humain
id2284;velo
id2285;humain
id2286;velo
id2287;humain
id2288;humain
id2289;humain
id2290;humain
id2291;humain
id2292;humain
id2293;chien
id2294;velo
id2295;humain
id2296;humain
id2297;humain
id2298;humain
id2299;velo
id2300;humain
id2301;humain
id2302;humain
id2303;humain
id2304;humain
id2305;humain
id2306;chien
id2307;velo
id2308;humain
id2309;chamois
id2310;chamois
id2311;chien
id2312;humain
id2313;humain
id2314;humain
id2315;humain
id2316;humain
id2317;cerf
id2318;chamois
id2319;chamois
id2320;humain
id2321;biche
id2322;cerf
id2323;biche
id2324;biche
id2325;biche
id2326;velo
id2327;humain
id2328;voiture
id2329;humain
id2330;humain
id2331;cerf
id2332;humain
id2333;velo
id2334;humain
id2335;humain
id2336;humain
id2337;humain
id2338;humain
id2339;voiture
id2340;humain
id2341;humain
id2342;humain
id2343;humain
id2344;humain
id2345;humain
id2346;chien
id2347;humain
id2348;chien
id2349;humain
id2350;humain
id2351;humain
id2352;chien
id2353;humain
id2354;humain
id2355;chien
id2356;humain
id2357;humain
id2358;humain
id2359;biche
id2360;biche
id2361;biche
id2362;biche
id2363;biche
id2364;biche
id2365;biche
id2366;biche
id2367;biche
id2368;biche
id2369;humain
id2370;humain
id2371;humain
id2372;chamois
id2373;chamois
id2374;humain
id2375;humain
id2376;velo
id2377;voiture
id2378;humain
id2379;biche
id2380;biche
id2381;humain
id2382;humain
id2383;humain
id2384;humain
id2385;velo
id2386;humain
id2387;velo
id2388;chamois
id2389;velo
id2390;humain
id2391;humain
id2392;chien
id2393;humain
id2394;cerf
id2395;humain
id2396;chien
id2397;velo
id2398;humain
id2399;humain
id2400;cerf
id2401;cerf
id2402;humain
id2403;humain
id2404;velo
id2405;humain
id2406;humain
id2407;humain
id2408;chien
id2409;velo
id2410;humain
id2411;humain
id2412;humain
id2413;humain
id2414;chien
id2415;chamois
id2416;chamois
id2417;humain
id2418;humain
id2419;chien
id2420;humain
id2421;humain
id2422;humain
id2423;velo
id2424;biche
id2425;humain
id2426;humain
id2427;velo
id2428;humain
id2429;chien
id2430;humain
id2431;humain
id2432;humain
id2433;humain
id2434;humain
id2435;chien
id2436;humain
id2437;humain
id2438;humain
id2439;humain
id2440;velo
id2441;humain
id2442;chien
id2443;humain
id2444;humain
id2445;velo
id2446;humain
id2447;chien
id2448;humain
id2449;humain
id2450;velo
id2451;cerf
id2452;cerf
id2453;cerf
id2454;velo
id2455;humain
id2456;velo
id2457;humain
id2458;humain
id2459;biche
id2460;biche
id2461;biche
id2462;humain
id2463;velo
id2464;voiture
id2465;humain
id2466;velo
id2467;humain
id2468;velo
id2469;humain
id2470;humain
id2471;biche
id2472;biche
id2473;humain
id2474;chien
id2475;humain
id2476;velo
id2477;velo
id2478;humain
id2479;chien
id2480;humain
id2481;velo
id2482;humain
id2483;velo
id2484;humain
id2485;chien
id2486;humain
id2487;humain
id2488;humain
id2489;chien
id2490;humain
id2491;humain
id2492;humain
id2493;humain
id2494;chamois
id2495;chamois
id2496;humain
id2497;chien
id2498;humain
id2499;velo
id2500;chamois
id2501;chamois
id2502;humain
id2503;chien
id2504;humain
id2505;humain
id2506;chamois
id2507;chamois
id2508;humain
id2509;humain
id2510;chien
id2511;biche
id2512;biche
id2513;biche
id2514;biche
id2515;biche
id2516;biche
id2517;biche
id2518;biche
id2519;humain
id2520;velo
id2521;velo
id2522;humain
id2523;humain
id2524;humain
id2525;cerf
id2526;cerf
id2527;humain
id2528;humain
id2529;humain
id2530;velo
id2531;humain
id2532;vide
id2533;humain
id2534;chien
id2535;humain
id2536;humain
id2537;humain
id2538;chien
id2539;humain
id2540;chien
id2541;humain
id2542;humain
id2543;velo
id2544;humain
id2545;chien
id2546;humain
id2547;humain
id2548;velo
id2549;humain
id2550;cerf
id2551;cerf
id2552;humain
id2553;humain
id2554;chien
id2555;humain
id2556;humain
id2557;humain
id2558;chien
id2559;cerf
id2560;humain
id2561;humain
id2562;humain
id2563;velo
id2564;humain
id2565;velo
id2566;humain
id2567;velo
id2568;velo
id2569;humain
id2570;biche
id2571;humain
id2572;humain
id2573;velo
id2574;humain
id2575;chien
id2576;humain
id2577;humain
id2578;humain
id2579;chien
id2580;humain
id2581;humain
id2582;humain
id2583;chien
id2584;humain
id2585;velo
id2586;velo
id2587;humain
id2588;velo
id2589;humain
id2590;humain
id2591;velo
id2592;humain
id2593;velo
id2594;humain
id2595;humain
id2596;velo
id2597;humain
id2598;humain
id2599;humain
id2600;humain
id2601;humain
id2602;chien
id2603;velo
id2604;vide
id2605;biche
id2606;humain
id2607;chien
id2608;voiture
id2609;humain
id2610;humain
id2611;velo
id2612;humain
id2613;humain
id2614;humain
id2615;chien
id2616;vide
id2617;cerf
id2618;cerf
id2619;humain
id2620;humain
id2621;humain
id2622;humain
id2623;humain
id2624;humain
id2625;humain
id2626;humain
id2627;biche
id2628;humain
id2629;velo
id2630;humain
id2631;velo
id2632;humain
id2633;humain
id2634;humain
id2635;biche
id2636;biche
id2637;biche
id2638;humain
id2639;cerf
id2640;cerf
id2641;humain
id2642;humain
id2643;cerf
id2644;cerf
id2645;velo
id2646;humain
id2647;biche
id2648;humain
id2649;humain
id2650;chien
id2651;humain
id2652;humain
id2653;humain
id2654;chien
id2655;velo
id2656;humain
id2657;humain
id2658;humain
id2659;velo
id2660;humain
id2661;humain
id2662;velo
id2663;humain
id2664;velo
id2665;humain
id2666;humain
id2667;humain
id2668;chien
id2669;humain
id2670;velo
id2671;humain
id2672;cerf
id2673;humain
id2674;velo
id2675;humain
id2676;velo
id2677;humain
id2678;humain
id2679;humain
id2680;humain
id2681;velo
id2682;humain
id2683;humain
id2684;velo
id2685;humain
id2686;humain
id2687;humain
id2688;humain
id2689;humain
id2690;chien
id2691;humain
id2692;humain
id2693;humain
id2694;chien
id2695;humain
id2696;velo
id2697;humain
id2698;humain
id2699;humain
id2700;chien
id2701;velo
id2702;cerf
id2703;humain
id2704;chien
id2705;biche
id2706;biche
id2707;velo
id2708;humain
id2709;humain
id2710;velo
id2711;humain
id2712;velo
id2713;humain
id2714;velo
id2715;velo
id2716;humain
id2717;humain
id2718;humain
id2719;cerf
id2720;vide
id2721;velo
id2722;humain
id2723;humain
id2724;humain
id2725;humain
id2726;velo
id2727;humain
id2728;humain
id2729;humain
id2730;chien
id2731;humain
id2732;vide
id2733;humain
id2734;chien
id2735;chien
id2736;humain
id2737;humain
id2738;velo
id2739;biche
id2740;cerf
id2741;humain
id2742;chien
id2743;biche
id2744;velo
id2745;humain
id2746;humain
id2747;chamois
id2748;chamois
id2749;humain
id2750;cerf
id2751;biche
id2752;biche
id2753;biche
id2754;biche
id2755;biche
id2756;biche
id2757;biche
id2758;humain
id2759;humain
id2760;velo
id2761;chamois
id2762;humain
id2763;vide
id2764;chien
id2765;biche
id2766;cerf
id2767;biche
id2768;biche
id2769;biche
id2770;biche
id2771;humain
id2772;chien
id2773;chien
id2774;velo
id2775;humain
id2776;humain
id2777;humain
id2778;velo
id2779;humain
id2780;humain
id2781;humain
id2782;humain
id2783;humain
id2784;humain
id2785;humain
id2786;velo
id2787;humain
id2788;humain
id2789;chien
id2790;humain
id2791;cerf
id2792;cerf
id2793;humain
id2794;vide
id2795;humain
id2796;chien
id2797;biche
id2798;humain
id2799;humain
id2800;velo
id2801;humain
id2802;humain
id2803;humain
id2804;chien
id2805;velo
id2806;humain
id2807;humain
id2808;velo
id2809;humain
id2810;humain
id2811;velo
id2812;humain
id2813;chamois
id2814;chamois
id2815;humain
id2816;humain
id2817;velo
id2818;humain
id2819;cerf
id2820;humain
id2821;humain
id2822;humain
id2823;chien
id2824;humain
id2825;velo
id2826;humain
id2827;humain
id2828;humain
id2829;humain
id2830;velo
id2831;humain
id2832;chien
id2833;humain
id2834;velo
id2835;humain
id2836;chien
id2837;humain
id2838;velo
id2839;humain
id2840;chien
id2841;velo
id2842;humain
id2843;humain
id2844;vide
id2845;humain
id2846;chien
id2847;humain
id2848;velo
id2849;humain
id2850;velo
id2851;humain
id2852;velo
id2853;chien
id2854;humain
id2855;humain
id2856;velo
id2857;humain
id2858;humain
id2859;humain
id2860;humain
id2861;velo
id2862;humain
id2863;humain
id2864;humain
id2865;humain
id2866;humain
id2867;humain
id2868;chien
id2869;humain
id2870;velo
id2871;velo
id2872;humain
id2873;humain
id2874;chien
id2875;humain
id2876;humain
id2877;chamois
id2878;chamois
id2879;humain
id2880;humain
id2881;humain
id2882;humain
id2883;chien
id2884;velo
id2885;humain
id2886;velo
id2887;humain
id2888;biche
id2889;cerf
id2890;chien
id2891;humain
id2892;cerf
id2893;cerf
id2894;humain
id2895;velo
id2896;humain
id2897;chien
id2898;cerf
id2899;cerf
id2900;humain
id2901;cerf
id2902;cerf
id2903;humain
id2904;humain
id2905;humain
id2906;humain
id2907;cerf
id2908;cerf
id2909;humain
id2910;humain
id2911;humain
id2912;velo
id2913;humain
id2914;humain
id2915;humain
id2916;chamois
id2917;biche
id2918;biche
id2919;biche
id2920;biche
id2921;biche
id2922;biche
id2923;biche
id2924;biche
id2925;biche
id2926;biche
id2927;humain
id2928;humain
id2929;velo
id2930;humain
id2931;humain
id2932;velo
id2933;humain
id2934;humain
id2935;humain
id2936;humain
id2937;humain
id2938;humain
id2939;humain
id2940;humain
id2941;humain
id2942;cerf
id2943;humain
id2944;velo
id2945;cerf
id2946;cerf
id2947;humain
id2948;humain
id2949;chien
id2950;biche
id2951;biche
id2952;humain
id2953;velo
id2954;humain
id2955;humain
id2956;humain
id2957;humain
id2958;humain
id2959;humain
id2960;chien
id2961;humain
id2962;humain
id2963;velo
id2964;velo
id2965;humain
id2966;velo
id2967;humain
id2968;cerf
id2969;biche
id2970;humain
id2971;chien
id2972;velo
id2973;humain
id2974;chien
id2975;biche
id2976;biche
id2977;biche
id2978;biche
id2979;biche
id2980;biche
id2981;biche
id2982;biche
id2983;velo
id2984;humain
id2985;humain
id2986;humain
id2987;humain
id2988;humain
id2989;velo
id2990;humain
id2991;cerf
id2992;humain
id2993;humain
id2994;chien
id2995;velo
id2996;humain
id2997;humain
id2998;velo
id2999;humain
id3000;velo
id3001;humain
id3002;humain
id3003;humain
id3004;velo
id3005;chien
id3006;humain
id3007;chien
id3008;chamois
id3009;humain
id3010;chien
id3011;humain
id3012;chien
id3013;humain
id3014;humain
id3015;humain
id3016;chien
id3017;vide
id3018;humain
id3019;humain
id3020;humain
id3021;humain
id3022;humain
id3023;chien
id3024;humain
id3025;humain
id3026;humain
id3027;humain
id3028;velo
id3029;velo
id3030;humain
id3031;humain
id3032;humain
id3033;humain
id3034;velo
id3035;cerf
id3036;cerf
id3037;humain
id3038;humain
id3039;chien
id3040;humain
id3041;velo
id3042;humain
id3043;velo
id3044;humain
id3045;humain
id3046;velo
id3047;velo
id3048;humain
id3049;humain
id3050;humain
id3051;humain
id3052;humain
id3053;humain
id3054;velo
id3055;velo
id3056;humain
id3057;humain
id3058;humain
id3059;humain
id3060;humain
id3061;velo
id3062;humain
id3063;velo
id3064;humain
id3065;chien
id3066;humain
id3067;humain
id3068;chien
id3069;humain
id3070;velo
id3071;humain
id3072;humain
id3073;velo
id3074;humain
id3075;humain
id3076;humain
id3077;humain
id3078;humain
id3079;humain
id3080;chien
id3081;humain
id3082;velo
id3083;chien
id3084;humain
id3085;humain
id3086;humain
id3087;humain
id3088;humain
id3089;humain
id3090;velo
id3091;velo
id3092;velo
id3093;humain
id3094;humain
id3095;velo
id3096;humain
id3097;velo
id3098;humain
id3099;humain
id3100;humain
id3101;humain
id3102;chien
id3103;velo
id3104;humain
id3105;cerf
id3106;vide
id3107;cerf
id3108;velo
id3109;humain
id3110;humain
id3111;humain
id3112;humain
id3113;humain
id3114;chien
id3115;humain
id3116;chien
id3117;biche
id3118;biche
id3119;biche
id3120;biche
id3121;biche
id3122;cerf
id3123;biche
id3124;biche
id3125;humain
id3126;voiture
id3127;humain
id3128;humain
id3129;humain
id3130;velo
id3131;humain
id3132;chien
id3133;humain
id3134;humain
id3135;humain
id3136;humain
id3137;velo
id3138;velo
id3139;humain
id3140;humain
id3141;humain
id3142;chien
id3143;velo
id3144;humain
id3145;chien
id3146;humain
id3147;humain
id3148;humain
id3149;velo
id3150;velo
id3151;humain
id3152;biche
id3153;biche
id3154;velo
id3155;humain
id3156;velo
id3157;humain
id3158;humain
id3159;humain
id3160;humain
id3161;humain
id3162;chien
id3163;velo
id3164;humain
id3165;humain
id3166;humain
id3167;humain
id3168;chien
id3169;humain
id3170;velo
id3171;velo
id3172;humain
id3173;humain
id3174;humain
id3175;humain
id3176;humain
id3177;humain
id3178;humain
id3179;velo
id3180;humain
id3181;humain
id3182;chien
id3183;vide
id3184;humain
id3185;humain
id3186;humain
id3187;chien
id3188;humain
id3189;humain
id3190;humain
id3191;humain
id3192;humain
id3193;humain
id3194;humain
id3195;humain
id3196;velo
id3197;velo
id3198;velo
id3199;humain
id3200;humain
id3201;velo
id3202;humain
id3203;chien
id3204;biche
id3205;biche
id3206;biche
id3207;biche
id3208;biche
id3209;biche
id3210;biche
id3211;biche
id3212;humain
id3213;velo
id3214;cerf
id3215;cerf
id3216;vide
id3217;humain
id3218;humain
id3219;humain
id3220;humain
id3221;humain
id3222;humain
id3223;velo
id3224;velo
id3225;humain
id3226;humain
id3227;chien
id3228;humain
id3229;velo
id3230;humain
id3231;humain
id3232;humain
id3233;humain
id3234;velo
id3235;velo
id3236;humain
id3237;humain
id3238;humain
id3239;humain
id3240;humain
id3241;humain
id3242;chien
id3243;cerf
id3244;cerf
id3245;biche
id3246;humain
id3247;humain
id3248;humain
id3249;humain
id3250;velo
id3251;humain
id3252;humain
id3253;biche
id3254;humain
id3255;chien
id3256;humain
id3257;humain
id3258;humain
id3259;velo
id3260;humain
id3261;velo
id3262;humain
id3263;humain
id3264;humain
id3265;humain
id3266;velo
id3267;chamois
id3268;chamois
id3269;biche
id3270;biche
id3271;humain
id3272;chien
id3273;humain
id3274;humain
id3275;humain
id3276;humain
id3277;humain
id3278;humain
id3279;humain
id3280;humain
id3281;humain
id3282;velo
id3283;velo
id3284;humain
id3285;humain
id3286;velo
id3287;humain
id3288;velo
id3289;humain
id3290;cerf
id3291;cerf
id3292;humain
id3293;humain
id3294;humain
id3295;humain
id3296;humain
id3297;humain
id3298;velo
id3299;humain
id3300;chien
id3301;humain
id3302;humain
id3303;humain
id3304;chien
id3305;humain
id3306;humain
id3307;cerf
id3308;velo
id3309;humain
id3310;vide
id3311;chien
id3312;humain
id3313;humain
id3314;humain
id3315;humain
id3316;velo
id3317;humain
id3318;chien
id3319;chien
id3320;humain
id3321;humain
id3322;humain
id3323;humain
id3324;velo
id3325;cerf
id3326;humain
id3327;humain
id3328;humain
id3329;biche
id3330;biche
id3331;humain
id3332;chien
id3333;humain
id3334;humain
id3335;vide
id3336;humain
id3337;humain
id3338;humain
id3339;humain
id3340;velo
id3341;chien
id3342;velo
id3343;humain
id3344;velo
id3345;humain
id3346;humain
id3347;humain
id3348;humain
id3349;velo
id3350;velo
id3351;humain
id3352;humain
id3353;humain
id3354;humain
id3355;humain
id3356;humain
id3357;humain
id3358;humain
id3359;chien
id3360;humain
id3361;humain
id3362;velo
id3363;biche
id3364;humain
id3365;chien
id3366;humain
id3367;velo
id3368;humain
id3369;humain
id3370;humain
id3371;velo
id3372;cerf
id3373;humain
id3374;chien
id3375;humain
id3376;cerf
id3377;cerf
id3378;humain
id3379;humain
id3380;humain
id3381;humain
id3382;humain
id3383;humain
id3384;humain
id3385;humain
id3386;chien
id3387;biche
id3388;biche
id3389;humain
id3390;vide
id3391;cerf
id3392;cerf
id3393;biche
id3394;biche
id3395;biche
id3396;humain
id3397;humain
id3398;humain
id3399;chien
id3400;biche
id3401;biche
id3402;humain
id3403;humain
id3404;velo
id3405;humain
id3406;humain
id3407;humain
id3408;humain
id3409;humain
id3410;humain
id3411;humain
id3412;chien
id3413;velo
id3414;humain
id3415;humain
id3416;humain
id3417;humain
id3418;chien
id3419;humain
id3420;humain
id3421;humain
id3422;velo
id3423;velo
id3424;humain
id3425;humain
id3426;velo
id3427;humain
id3428;velo
id3429;velo
id3430;humain
id3431;chien
id3432;humain
id3433;chien
id3434;humain
id3435;humain
id3436;velo
id3437;humain
id3438;humain
id3439;chien
id3440;humain
id3441;chien
id3442;chien
id3443;humain
id3444;velo
id3445;humain
id3446;humain
id3447;humain
id3448;velo
id3449;humain
id3450;humain
id3451;humain
id3452;humain
id3453;velo
id3454;humain
id3455;humain
id3456;humain
id3457;velo
id3458;humain
id3459;humain
id3460;humain
id3461;biche
id3462;cerf
id3463;humain
id3464;chien
id3465;velo
id3466;humain
id3467;humain
id3468;humain
id3469;humain
id3470;humain
id3471;humain
id3472;humain
id3473;humain
id3474;humain
id3475;velo
id3476;cerf
id3477;humain
id3478;humain
id3479;humain
id3480;humain
id3481;humain
id3482;humain
id3483;chien
id3484;humain
id3485;velo
id3486;humain
id3487;velo
id3488;chien
id3489;humain
id3490;cerf
id3491;cerf
id3492;chamois
id3493;chamois
id3494;cerf
id3495;cerf
id3496;biche
id3497;velo
id3498;humain
id3499;velo
id3500;humain
id3501;humain
id3502;velo
id3503;humain
id3504;velo
id3505;humain
id3506;humain
id3507;humain
id3508;humain
id3509;humain
id3510;velo
id3511;humain
id3512;velo
id3513;velo
id3514;humain
id3515;humain
id3516;chien
id3517;humain
id3518;chien
id3519;humain
id3520;humain
id3521;humain
id3522;humain
id3523;chien
id3524;humain
id3525;humain
id3526;humain
id3527;velo
id3528;velo
id3529;humain
id3530;velo
id3531;humain
id3532;humain
id3533;humain
id3534;humain
id3535;velo
id3536;humain
id3537;humain
id3538;velo
id3539;humain
id3540;humain
id3541;humain
id3542;chien
id3543;humain
id3544;humain
id3545;velo
id3546;humain
id3547;humain
id3548;humain
id3549;humain
id3550;humain
id3551;velo
id3552;humain
id3553;chamois
id3554;velo
id3555;humain
id3556;humain
id3557;humain
id3558;humain
id3559;velo
id3560;humain
id3561;humain
id3562;humain
id3563;humain
id3564;humain
id3565;velo
id3566;humain
id3567;chien
id3568;chien
id3569;humain
id3570;velo
id3571;velo
id3572;humain
id3573;humain
id3574;velo
id3575;humain
id3576;humain
id3577;chien
id3578;chamois
id3579;chamois
id3580;humain
id3581;chien
id3582;vide
id3583;humain
id3584;velo
id3585;humain
id3586;velo
id3587;humain
id3588;humain
id3589;humain
id3590;velo
id3591;humain
id3592;humain
id3593;humain
id3594;chien
id3595;humain
id3596;chamois
id3597;chamois
id3598;humain
id3599;chien
id3600;humain
id3601;chien
id3602;humain
id3603;velo
id3604;humain
id3605;humain
id3606;velo
id3607;humain
id3608;chien
id3609;humain
id3610;humain
id3611;humain
id3612;humain
id3613;humain
id3614;humain
id3615;humain
id3616;humain
id3617;humain
id3618;velo
id3619;cerf
id3620;humain
id3621;humain
id3622;humain
id3623;velo
id3624;humain
id3625;humain
id3626;chien
id3627;velo
id3628;humain
id3629;humain
id3630;humain
id3631;humain
id3632;chien
id3633;velo
id3634;biche
id3635;biche
id3636;humain
id3637;velo
id3638;biche
id3639;chien
id3640;humain
id3641;humain
id3642;humain
id3643;chien
id3644;humain
id3645;humain
id3646;chien
id3647;humain
id3648;humain
id3649;humain
id3650;humain
id3651;humain
id3652;humain
id3653;humain
id3654;humain
id3655;velo
id3656;chien
id3657;humain
id3658;humain
id3659;humain
id3660;chien
id3661;humain
id3662;humain
id3663;velo
id3664;humain
id3665;humain
id3666;humain
id3667;humain
id3668;humain
id3669;humain
id3670;velo
id3671;humain
id3672;chien
id3673;chamois
id3674;chamois
id3675;humain
id3676;velo
id3677;humain
id3678;chien
id3679;humain
id3680;humain
id3681;humain
id3682;vide
id3683;velo
id3684;humain
id3685;chamois
id3686;chamois
id3687;vide
id3688;humain
id3689;velo
id3690;humain
id3691;humain
id3692;humain
id3693;humain
id3694;humain
id3695;humain
id3696;chien
id3697;humain
id3698;humain
id3699;humain
id3700;chien
id3701;humain
id3702;humain
id3703;velo
id3704;humain
id3705;chien
id3706;humain
id3707;humain
id3708;humain
id3709;velo
id3710;humain
id3711;velo
id3712;humain
id3713;humain
id3714;humain
id3715;humain
id3716;chien
id3717;velo
id3718;humain
id3719;chien
id3720;humain
id3721;chien
id3722;humain
id3723;chien
id3724;humain
id3725;humain
id3726;humain
id3727;velo
id3728;velo
id3729;humain
id3730;chamois
id3731;chamois
id3732;velo
id3733;humain
id3734;velo
id3735;humain
id3736;chamois
id3737;humain
id3738;velo
id3739;humain
id3740;velo
id3741;humain
id3742;humain
id3743;velo
id3744;biche
id3745;humain
id3746;humain
id3747;humain
id3748;humain
id3749;humain
id3750;chien
id3751;velo
id3752;humain
id3753;humain
id3754;humain
id3755;humain
id3756;humain
id3757;humain
id3758;humain
id3759;humain
id3760;humain
id3761;humain
id3762;chamois
id3763;chamois
id3764;humain
id3765;humain
id3766;humain
id3767;chien
id3768;humain
id3769;humain
id3770;velo
id3771;humain
id3772;humain
id3773;humain
id3774;humain
id3775;humain
id3776;chamois
id3777;chamois
id3778;chien
id3779;humain
id3780;vide
id3781;velo
id3782;humain
id3783;humain
id3784;velo
id3785;humain
id3786;chien
id3787;humain
id3788;humain
id3789;velo
id3790;humain
id3791;humain
id3792;chien
id3793;biche
id3794;velo
id3795;humain
id3796;humain
id3797;chien
id3798;humain
id3799;humain
id3800;velo
id3801;humain
id3802;vide
id3803;humain
id3804;humain
id3805;velo
id3806;chien
id3807;chien
id3808;humain
id3809;chien
id3810;humain
id3811;biche
id3812;biche
id3813;humain
id3814;velo
id3815;humain
id3816;cerf
id3817;cerf
id3818;velo
id3819;humain
id3820;velo
id3821;vide
id3822;humain
id3823;humain
id3824;humain
id3825;chien
id3826;chamois
id3827;chamois
id3828;humain
id3829;humain
id3830;humain
id3831;humain
id3832;humain
id3833;velo
id3834;humain
id3835;humain
id3836;chien
id3837;humain
id3838;chien
id3839;humain
id3840;humain
id3841;velo
id3842;humain
id3843;humain
id3844;humain
id3845;humain
id3846;humain
id3847;humain
id3848;cerf
id3849;cerf
id3850;humain
id3851;humain
id3852;humain
id3853;humain
id3854;humain
id3855;velo
id3856;humain
id3857;velo
id3858;humain
id3859;humain
id3860;chien
id3861;humain
id3862;humain
id3863;velo
id3864;velo
id3865;humain
id3866;humain
id3867;humain
id3868;chien
id3869;chamois
id3870;chamois
id3871;humain
id3872;humain
id3873;vide
id3874;chien
id3875;humain
id3876;humain
id3877;humain
id3878;chien
id3879;humain
id3880;chamois
id3881;humain
id3882;chien
id3883;humain
id3884;velo
id3885;humain
id3886;humain
id3887;humain
id3888;chien
id3889;chamois
id3890;chamois
id3891;humain
id3892;humain
id3893;humain
id3894;humain
id3895;humain
id3896;humain
id3897;velo
id3898;humain
id3899;humain
id3900;velo
id3901;humain
id3902;humain
id3903;humain
id3904;velo
id3905;humain
id3906;humain
id3907;velo
id3908;humain
id3909;humain
id3910;humain
id3911;humain
id3912;humain
id3913;chien
id3914;cerf
id3915;cerf
id3916;humain
id3917;velo
id3918;humain
id3919;velo
id3920;humain
id3921;chien
id3922;velo
id3923;humain
id3924;humain
id3925;humain
id3926;humain
id3927;humain
id3928;humain
id3929;humain
id3930;chien
id3931;humain
id3932;humain
id3933;chamois
id3934;chamois
id3935;humain
id3936;chien
id3937;humain
id3938;velo
id3939;chien
id3940;humain
id3941;cerf
id3942;cerf
id3943;humain
id3944;humain
id3945;velo
id3946;humain
id3947;humain
id3948;velo
id3949;velo
id3950;humain
id3951;humain
id3952;chien
id3953;humain
id3954;humain
id3955;humain
id3956;biche
id3957;biche
id3958;humain
id3959;humain
id3960;humain
id3961;humain
id3962;humain
id3963;humain
id3964;velo
id3965;humain
id3966;velo
id3967;velo
id3968;chien
id3969;humain
id3970;velo
id3971;humain
id3972;velo
id3973;humain
id3974;humain
id3975;chien
id3976;vide
id3977;humain
id3978;humain
id3979;humain
id3980;velo
id3981;humain
id3982;humain
id3983;humain
id3984;humain
id3985;humain
id3986;humain
id3987;humain
id3988;humain
id3989;humain
id3990;velo
id3991;humain
id3992;humain
id3993;humain
id3994;humain
id3995;cerf
id3996;cerf
id3997;humain
id3998;humain
id3999;chien
id4000;humain
id4001;humain
id4002;humain
id4003;humain
id4004;humain
id4005;humain
id4006;humain
id4007;velo
id4008;humain
id4009;velo
id4010;humain
id4011;humain
id4012;humain
id4013;humain
id4014;velo
id4015;humain
id4016;velo
id4017;humain
id4018;humain
id4019;humain
id4020;humain
id4021;velo
id4022;cerf
id4023;cerf
id4024;humain
id4025;humain
id4026;velo
id4027;humain
id4028;velo
id4029;humain
id4030;chien
id4031;humain
id4032;humain
id4033;humain
id4034;humain
id4035;humain
id4036;humain
id4037;chien
id4038;biche
id4039;biche
id4040;humain
id4041;chien
id4042;humain
id4043;chien
id4044;humain
id4045;humain
id4046;humain
id4047;chien
id4048;humain
id4049;humain
id4050;humain
id4051;humain
id4052;humain
id4053;humain
id4054;humain
id4055;humain
id4056;biche
id4057;biche
id4058;biche
id4059;biche
id4060;biche
id4061;biche
id4062;biche
id4063;velo
id4064;humain
id4065;humain
id4066;humain
id4067;humain
id4068;humain
id4069;vide
id4070;cerf
id4071;humain
id4072;chien
id4073;humain
id4074;chien
id4075;humain
id4076;velo
id4077;vide
id4078;humain
id4079;chien
id4080;humain
id4081;velo
id4082;biche
id4083;biche
id4084;chamois
id4085;chamois
id4086;humain
id4087;humain
id4088;velo
id4089;humain
id4090;velo
id4091;humain
id4092;velo
id4093;biche
id4094;biche
id4095;biche
id4096;biche
id4097;biche
id4098;biche
id4099;biche
id4100;biche
id4101;biche
id4102;humain
id4103;humain
id4104;chien
id4105;cerf
id4106;cerf
id4107;velo
id4108;humain
id4109;humain
id4110;velo
id4111;velo
id4112;humain
id4113;humain
id4114;humain
id4115;velo
id4116;humain
id4117;humain
id4118;chien
id4119;humain
id4120;chien
id4121;chien
id4122;humain
id4123;humain
id4124;chien
id4125;humain
id4126;chien
id4127;humain
id4128;humain
id4129;vide
id4130;humain
id4131;velo
id4132;humain
id4133;velo
id4134;humain
id4135;humain
id4136;velo
id4137;humain
id4138;humain
id4139;humain
id4140;humain
id4141;humain
id4142;humain
id4143;velo
id4144;humain
id4145;humain
id4146;humain
id4147;velo
id4148;velo
id4149;humain
id4150;humain
id4151;humain
id4152;chien
id4153;velo
id4154;humain
id4155;chien
id4156;humain
id4157;humain
id4158;humain
id4159;velo
id4160;humain
id4161;chien
id4162;chamois
id4163;chamois
id4164;humain
id4165;humain
id4166;humain
id4167;chien
id4168;biche
id4169;biche
id4170;biche
id4171;biche
id4172;biche
id4173;biche
id4174;biche
id4175;humain
id4176;chien
id4177;humain
id4178;chien
id4179;humain
id4180;humain
id4181;humain
id4182;velo
id4183;cerf
id4184;cerf
id4185;humain
id4186;biche
id4187;biche
id4188;biche
id4189;cerf
id4190;biche
id4191;biche
id4192;biche
id4193;biche
id4194;biche
id4195;biche
id4196;biche
id4197;humain
id4198;humain
id4199;velo
id4200;humain
id4201;humain
id4202;humain
id4203;humain
id4204;humain
id4205;humain
id4206;humain
id4207;humain
id4208;humain
id4209;humain
id4210;humain
id4211;chien
id4212;velo
id4213;humain
id4214;chien
id4215;humain
id4216;humain
id4217;chien
id4218;humain
id4219;humain
id4220;humain
id4221;chien
id4222;cerf
id4223;cerf
id4224;velo
id4225;humain
id4226;velo
id4227;humain
id4228;humain
id4229;chien
id4230;humain
id4231;humain
id4232;velo
id4233;cerf
id4234;cerf
id4235;vide
id4236;humain
id4237;humain
id4238;vide
id4239;velo
id4240;humain
id4241;humain
id4242;humain
id4243;humain
id4244;humain
id4245;velo
id4246;humain
id4247;humain
id4248;velo
id4249;humain
id4250;chien
id4251;humain
id4252;humain
id4253;cerf
id4254;humain
id4255;humain
id4256;humain
id4257;humain
id4258;humain
id4259;velo
id4260;humain
id4261;chien
id4262;cerf
id4263;cerf
id4264;humain
id4265;humain
id4266;chien
id4267;velo
id4268;humain
id4269;humain
id4270;velo
id4271;humain
id4272;vide
id4273;humain
id4274;humain
id4275;velo
id4276;humain
id4277;humain
id4278;chien
id4279;humain
id4280;cerf
id4281;cerf
id4282;biche
id4283;humain
id4284;humain
id4285;humain
id4286;humain
id4287;chamois
id4288;chamois
id4289;humain
id4290;chien
id4291;humain
id4292;chien
id4293;humain
id4294;velo
id4295;humain
id4296;velo
id4297;humain
id4298;humain
id4299;velo
id4300;chien
id4301;humain
id4302;velo
id4303;humain
id4304;humain
id4305;humain
id4306;biche
id4307;biche
id4308;humain
id4309;humain
id4310;chamois
id4311;chamois
id4312;chien
id4313;humain
id4314;humain
id4315;cerf
id4316;cerf
id4317;biche
id4318;biche
id4319;biche
id4320;chamois
id4321;chamois
id4322;humain
id4323;humain
id4324;chien
id4325;humain
id4326;velo
id4327;humain
id4328;velo
id4329;vide
id4330;chien
id4331;humain
id4332;velo
id4333;humain
id4334;velo
id4335;humain
id4336;cerf
id4337;vide
id4338;cerf
id4339;biche
id4340;humain
id4341;humain
id4342;humain
id4343;humain
id4344;humain
id4345;velo
id4346;velo
id4347;humain
id4348;humain
id4349;chien
id4350;humain
id4351;humain
id4352;humain
id4353;chien
id4354;cerf
id4355;vide
id4356;cerf
id4357;humain
id4358;humain
id4359;humain
id4360;chien
id4361;humain
id4362;biche
id4363;biche
id4364;biche
id4365;biche
id4366;biche
id4367;biche
id4368;biche
id4369;velo
id4370;humain
id4371;humain
id4372;humain
id4373;humain
id4374;humain
id4375;humain
id4376;humain
id4377;humain
id4378;chien
id4379;humain
id4380;humain
id4381;cerf
id4382;biche
id4383;biche
id4384;biche
id4385;biche
id4386;velo
id4387;humain
id4388;humain
id4389;humain
id4390;biche
id4391;humain
id4392;humain
id4393;velo
id4394;humain
id4395;humain
id4396;humain
id4397;humain
id4398;humain
id4399;humain
id4400;humain
id4401;humain
id4402;humain
id4403;humain
id4404;humain
id4405;humain
id4406;humain
id4407;humain
id4408;chien
id4409;humain
id4410;chien
id4411;chien
id4412;cerf
id4413;humain
id4414;chien
id4415;chien
id4416;humain
id4417;humain
id4418;chien
id4419;chien
id4420;humain
id4421;chien
id4422;velo
id4423;humain
id4424;chien
id4425;velo
id4426;humain
id4427;biche
id4428;biche
id4429;humain
id4430;humain
id4431;humain
id4432;humain
id4433;chien
id4434;biche
id4435;biche
id4436;biche
id4437;biche
id4438;biche
id4439;biche
id4440;biche
id4441;biche
id4442;humain
id4443;humain
id4444;humain
id4445;humain
id4446;humain
id4447;velo
id4448;chamois
id4449;chamois
id4450;velo
id4451;humain
id4452;humain
id4453;chien
id4454;humain
id4455;humain
id4456;humain
id4457;velo
id4458;humain
id4459;velo
id4460;velo
id4461;humain
id4462;humain
id4463;humain
id4464;humain
id4465;humain
id4466;humain
id4467;humain
id4468;velo
id4469;humain
id4470;humain
id4471;chien
id4472;humain
id4473;humain
id4474;humain
id4475;chien
id4476;velo
id4477;humain
id4478;velo
id4479;humain
id4480;chamois
id4481;chamois
id4482;humain
id4483;velo
id4484;chamois
id4485;chamois
id4486;humain
id4487;humain
id4488;humain
id4489;humain
id4490;chien
id4491;velo
id4492;velo
id4493;humain
id4494;humain
id4495;humain
id4496;humain
id4497;humain
id4498;velo
id4499;humain
id4500;biche
id4501;biche
id4502;biche
id4503;biche
id4504;biche
id4505;biche
id4506;biche
id4507;cerf
id4508;humain
id4509;velo
id4510;humain
id4511;humain
id4512;velo
id4513;cerf
id4514;humain
id4515;chien
id4516;velo
id4517;humain
id4518;chien
id4519;humain
id4520;chien
id4521;velo
id4522;humain
id4523;velo
id4524;humain
id4525;chamois
id4526;chamois
id4527;humain
id4528;humain
id4529;velo
id4530;humain
id4531;velo
id4532;humain
id4533;velo
id4534;humain
id4535;humain
id4536;voiture
id4537;humain
id4538;velo
id4539;humain
id4540;humain
id4541;humain
id4542;velo
id4543;humain
id4544;humain
id4545;velo
id4546;humain
id4547;cerf
id4548;vide
id4549;humain
id4550;velo
id4551;biche
id4552;humain
id4553;humain
id4554;humain
id4555;humain
id4556;biche
id4557;chien
id4558;humain
id4559;voiture
id4560;humain
id4561;chien
id4562;cerf
id4563;humain
id4564;humain
id4565;velo
id4566;humain
id4567;chien
id4568;humain
id4569;humain
id4570;humain
id4571;humain
id4572;velo
id4573;humain
id4574;chamois
id4575;chamois
id4576;humain
id4577;humain
id4578;humain
id4579;humain
id4580;humain
id4581;velo
id4582;humain
id4583;vide
id4584;humain
id4585;chien
id4586;humain
id4587;humain
id4588;chien
id4589;chien
id4590;velo
id4591;humain
id4592;velo
id4593;humain
id4594;humain
id4595;humain
id4596;chien
id4597;humain
id4598;chien
id4599;humain
id4600;humain
id4601;biche
id4602;biche
id4603;chien
id4604;humain
id4605;humain
id4606;humain
id4607;humain
id4608;humain
id4609;velo
id4610;humain
id4611;humain
id4612;vide
id4613;velo
id4614;humain
id4615;humain
id4616;chien
id4617;humain
id4618;humain
id4619;biche
id4620;humain
id4621;humain
id4622;humain
id4623;chien
id4624;humain
id4625;humain
id4626;humain
id4627;humain
id4628;humain
id4629;velo
id4630;velo
id4631;humain
id4632;humain
id4633;chien
id4634;humain
id4635;humain
id4636;cerf
id4637;cerf
id4638;biche
id4639;biche
id4640;humain
id4641;velo
id4642;humain
id4643;humain
id4644;humain
id4645;velo
id4646;humain
id4647;humain
id4648;humain
id4649;humain
id4650;humain
id4651;humain
id4652;velo
id4653;humain
id4654;humain
id4655;humain
id4656;velo
id4657;humain
id4658;chien
id4659;velo
id4660;humain
id4661;vide
id4662;humain
id4663;humain
id4664;cerf
id4665;cerf
id4666;velo
id4667;humain
id4668;humain
id4669;chien
id4670;humain
id4671;humain
id4672;humain
id4673;humain
id4674;chien
id4675;humain
id4676;humain
id4677;velo
id4678;humain
id4679;velo
id4680;humain
id4681;humain
id4682;chien
id4683;humain
id4684;velo
id4685;chien
id4686;humain
id4687;humain
id4688;humain
id4689;humain
id4690;velo
id4691;humain
id4692;humain
id4693;chien
id4694;humain
id4695;velo
id4696;humain
id4697;humain
id4698;velo